raceId,year,round,circuitId,name,date,time,url
1,2009,1,1,Australian Grand Prix,29/03/09,6:00:00,http://en.wikipedia.org/wiki/2009_Australian_Grand_Prix
2,2009,2,2,Malaysian Grand Prix,05/04/09,9:00:00,http://en.wikipedia.org/wiki/2009_Malaysian_Grand_Prix
3,2009,3,17,Chinese Grand Prix,19/04/09,7:00:00,http://en.wikipedia.org/wiki/2009_Chinese_Grand_Prix
4,2009,4,3,Bahrain Grand Prix,26/04/09,12:00:00,http://en.wikipedia.org/wiki/2009_Bahrain_Grand_Prix
5,2009,5,4,Spanish Grand Prix,10/05/09,12:00:00,http://en.wikipedia.org/wiki/2009_Spanish_Grand_Prix
6,2009,6,6,Monaco Grand Prix,24/05/09,12:00:00,http://en.wikipedia.org/wiki/2009_Monaco_Grand_Prix
7,2009,7,5,Turkish Grand Prix,07/06/09,12:00:00,http://en.wikipedia.org/wiki/2009_Turkish_Grand_Prix
8,2009,8,9,British Grand Prix,21/06/09,12:00:00,http://en.wikipedia.org/wiki/2009_British_Grand_Prix
9,2009,9,20,German Grand Prix,12/07/09,12:00:00,http://en.wikipedia.org/wiki/2009_German_Grand_Prix
10,2009,10,11,Hungarian Grand Prix,26/07/09,12:00:00,http://en.wikipedia.org/wiki/2009_Hungarian_Grand_Prix
11,2009,11,12,European Grand Prix,23/08/09,12:00:00,http://en.wikipedia.org/wiki/2009_European_Grand_Prix
12,2009,12,13,Belgian Grand Prix,30/08/09,12:00:00,http://en.wikipedia.org/wiki/2009_Belgian_Grand_Prix
13,2009,13,14,Italian Grand Prix,13/09/09,12:00:00,http://en.wikipedia.org/wiki/2009_Italian_Grand_Prix
14,2009,14,15,Singapore Grand Prix,27/09/09,12:00:00,http://en.wikipedia.org/wiki/2009_Singapore_Grand_Prix
15,2009,15,22,Japanese Grand Prix,04/10/09,5:00:00,http://en.wikipedia.org/wiki/2009_Japanese_Grand_Prix
16,2009,16,18,Brazilian Grand Prix,18/10/09,16:00:00,http://en.wikipedia.org/wiki/2009_Brazilian_Grand_Prix
17,2009,17,24,Abu Dhabi Grand Prix,01/11/09,11:00:00,http://en.wikipedia.org/wiki/2009_Abu_Dhabi_Grand_Prix
18,2008,1,1,Australian Grand Prix,16/03/08,4:30:00,http://en.wikipedia.org/wiki/2008_Australian_Grand_Prix
19,2008,2,2,Malaysian Grand Prix,23/03/08,7:00:00,http://en.wikipedia.org/wiki/2008_Malaysian_Grand_Prix
20,2008,3,3,Bahrain Grand Prix,06/04/08,11:30:00,http://en.wikipedia.org/wiki/2008_Bahrain_Grand_Prix
21,2008,4,4,Spanish Grand Prix,27/04/08,12:00:00,http://en.wikipedia.org/wiki/2008_Spanish_Grand_Prix
22,2008,5,5,Turkish Grand Prix,11/05/08,12:00:00,http://en.wikipedia.org/wiki/2008_Turkish_Grand_Prix
23,2008,6,6,Monaco Grand Prix,25/05/08,12:00:00,http://en.wikipedia.org/wiki/2008_Monaco_Grand_Prix
24,2008,7,7,Canadian Grand Prix,08/06/08,17:00:00,http://en.wikipedia.org/wiki/2008_Canadian_Grand_Prix
25,2008,8,8,French Grand Prix,22/06/08,12:00:00,http://en.wikipedia.org/wiki/2008_French_Grand_Prix
26,2008,9,9,British Grand Prix,06/07/08,12:00:00,http://en.wikipedia.org/wiki/2008_British_Grand_Prix
27,2008,10,10,German Grand Prix,20/07/08,12:00:00,http://en.wikipedia.org/wiki/2008_German_Grand_Prix
28,2008,11,11,Hungarian Grand Prix,03/08/08,12:00:00,http://en.wikipedia.org/wiki/2008_Hungarian_Grand_Prix
29,2008,12,12,European Grand Prix,24/08/08,12:00:00,http://en.wikipedia.org/wiki/2008_European_Grand_Prix
30,2008,13,13,Belgian Grand Prix,07/09/08,12:00:00,http://en.wikipedia.org/wiki/2008_Belgian_Grand_Prix
31,2008,14,14,Italian Grand Prix,14/09/08,12:00:00,http://en.wikipedia.org/wiki/2008_Italian_Grand_Prix
32,2008,15,15,Singapore Grand Prix,28/09/08,12:00:00,http://en.wikipedia.org/wiki/2008_Singapore_Grand_Prix
33,2008,16,16,Japanese Grand Prix,12/10/08,4:30:00,http://en.wikipedia.org/wiki/2008_Japanese_Grand_Prix
34,2008,17,17,Chinese Grand Prix,19/10/08,7:00:00,http://en.wikipedia.org/wiki/2008_Chinese_Grand_Prix
35,2008,18,18,Brazilian Grand Prix,02/11/08,17:00:00,http://en.wikipedia.org/wiki/2008_Brazilian_Grand_Prix
36,2007,1,1,Australian Grand Prix,18/03/07,3:00:00,http://en.wikipedia.org/wiki/2007_Australian_Grand_Prix
37,2007,2,2,Malaysian Grand Prix,08/04/07,7:00:00,http://en.wikipedia.org/wiki/2007_Malaysian_Grand_Prix
38,2007,3,3,Bahrain Grand Prix,15/04/07,11:30:00,http://en.wikipedia.org/wiki/2007_Bahrain_Grand_Prix
39,2007,4,4,Spanish Grand Prix,13/05/07,12:00:00,http://en.wikipedia.org/wiki/2007_Spanish_Grand_Prix
40,2007,5,6,Monaco Grand Prix,27/05/07,12:00:00,http://en.wikipedia.org/wiki/2007_Monaco_Grand_Prix
41,2007,6,7,Canadian Grand Prix,10/06/07,17:00:00,http://en.wikipedia.org/wiki/2007_Canadian_Grand_Prix
42,2007,7,19,United States Grand Prix,17/06/07,17:00:00,http://en.wikipedia.org/wiki/2007_United_States_Grand_Prix
43,2007,8,8,French Grand Prix,01/07/07,12:00:00,http://en.wikipedia.org/wiki/2007_French_Grand_Prix
44,2007,9,9,British Grand Prix,08/07/07,12:00:00,http://en.wikipedia.org/wiki/2007_British_Grand_Prix
45,2007,10,20,European Grand Prix,22/07/07,12:00:00,http://en.wikipedia.org/wiki/2007_European_Grand_Prix
46,2007,11,11,Hungarian Grand Prix,05/08/07,12:00:00,http://en.wikipedia.org/wiki/2007_Hungarian_Grand_Prix
47,2007,12,5,Turkish Grand Prix,26/08/07,12:00:00,http://en.wikipedia.org/wiki/2007_Turkish_Grand_Prix
48,2007,13,14,Italian Grand Prix,09/09/07,12:00:00,http://en.wikipedia.org/wiki/2007_Italian_Grand_Prix
49,2007,14,13,Belgian Grand Prix,16/09/07,12:00:00,http://en.wikipedia.org/wiki/2007_Belgian_Grand_Prix
50,2007,15,16,Japanese Grand Prix,30/09/07,4:30:00,http://en.wikipedia.org/wiki/2007_Japanese_Grand_Prix
51,2007,16,17,Chinese Grand Prix,07/10/07,6:00:00,http://en.wikipedia.org/wiki/2007_Chinese_Grand_Prix
52,2007,17,18,Brazilian Grand Prix,21/10/07,16:00:00,http://en.wikipedia.org/wiki/2007_Brazilian_Grand_Prix
53,2006,1,3,Bahrain Grand Prix,12/03/06,14:30:00,http://en.wikipedia.org/wiki/2006_Bahrain_Grand_Prix
54,2006,2,2,Malaysian Grand Prix,19/03/06,15:00:00,http://en.wikipedia.org/wiki/2006_Malaysian_Grand_Prix
55,2006,3,1,Australian Grand Prix,02/04/06,14:00:00,http://en.wikipedia.org/wiki/2006_Australian_Grand_Prix
56,2006,4,21,San Marino Grand Prix,23/04/06,14:00:00,http://en.wikipedia.org/wiki/2006_San_Marino_Grand_Prix
57,2006,5,20,European Grand Prix,07/05/06,14:00:00,http://en.wikipedia.org/wiki/2006_European_Grand_Prix
58,2006,6,4,Spanish Grand Prix,14/05/06,14:00:00,http://en.wikipedia.org/wiki/2006_Spanish_Grand_Prix
59,2006,7,6,Monaco Grand Prix,28/05/06,14:00:00,http://en.wikipedia.org/wiki/2006_Monaco_Grand_Prix
60,2006,8,9,British Grand Prix,11/06/06,12:00:00,http://en.wikipedia.org/wiki/2006_British_Grand_Prix
61,2006,9,7,Canadian Grand Prix,25/06/06,13:00:00,http://en.wikipedia.org/wiki/2006_Canadian_Grand_Prix
62,2006,10,19,United States Grand Prix,02/07/06,14:00:00,http://en.wikipedia.org/wiki/2006_United_States_Grand_Prix
63,2006,11,8,French Grand Prix,16/07/06,14:00:00,http://en.wikipedia.org/wiki/2006_French_Grand_Prix
64,2006,12,10,German Grand Prix,30/07/06,14:00:00,http://en.wikipedia.org/wiki/2006_German_Grand_Prix
65,2006,13,11,Hungarian Grand Prix,06/08/06,14:00:00,http://en.wikipedia.org/wiki/2006_Hungarian_Grand_Prix
66,2006,14,5,Turkish Grand Prix,27/08/06,15:00:00,http://en.wikipedia.org/wiki/2006_Turkish_Grand_Prix
67,2006,15,14,Italian Grand Prix,10/09/06,14:00:00,http://en.wikipedia.org/wiki/2006_Italian_Grand_Prix
68,2006,16,17,Chinese Grand Prix,01/10/06,14:00:00,http://en.wikipedia.org/wiki/2006_Chinese_Grand_Prix
69,2006,17,22,Japanese Grand Prix,08/10/06,14:00:00,http://en.wikipedia.org/wiki/2006_Japanese_Grand_Prix
70,2006,18,18,Brazilian Grand Prix,22/10/06,14:00:00,http://en.wikipedia.org/wiki/2006_Brazilian_Grand_Prix
71,2005,1,1,Australian Grand Prix,06/03/05,14:00:00,http://en.wikipedia.org/wiki/2005_Australian_Grand_Prix
72,2005,2,2,Malaysian Grand Prix,20/03/05,15:00:00,http://en.wikipedia.org/wiki/2005_Malaysian_Grand_Prix
73,2005,3,3,Bahrain Grand Prix,03/04/05,14:30:00,http://en.wikipedia.org/wiki/2005_Bahrain_Grand_Prix
74,2005,4,21,San Marino Grand Prix,24/04/05,14:00:00,http://en.wikipedia.org/wiki/2005_San_Marino_Grand_Prix
75,2005,5,4,Spanish Grand Prix,08/05/05,14:00:00,http://en.wikipedia.org/wiki/2005_Spanish_Grand_Prix
76,2005,6,6,Monaco Grand Prix,22/05/05,14:00:00,http://en.wikipedia.org/wiki/2005_Monaco_Grand_Prix
77,2005,7,20,European Grand Prix,29/05/05,14:00:00,http://en.wikipedia.org/wiki/2005_European_Grand_Prix
78,2005,8,7,Canadian Grand Prix,12/06/05,13:00:00,http://en.wikipedia.org/wiki/2005_Canadian_Grand_Prix
79,2005,9,19,United States Grand Prix,19/06/05,14:00:00,http://en.wikipedia.org/wiki/2005_United_States_Grand_Prix
80,2005,10,8,French Grand Prix,03/07/05,14:00:00,http://en.wikipedia.org/wiki/2005_French_Grand_Prix
81,2005,11,9,British Grand Prix,10/07/05,14:00:00,http://en.wikipedia.org/wiki/2005_British_Grand_Prix
82,2005,12,10,German Grand Prix,24/07/05,14:00:00,http://en.wikipedia.org/wiki/2005_German_Grand_Prix
83,2005,13,11,Hungarian Grand Prix,31/07/05,14:00:00,http://en.wikipedia.org/wiki/2005_Hungarian_Grand_Prix
84,2005,14,5,Turkish Grand Prix,21/08/05,15:00:00,http://en.wikipedia.org/wiki/2005_Turkish_Grand_Prix
85,2005,15,14,Italian Grand Prix,04/09/05,14:00:00,http://en.wikipedia.org/wiki/2005_Italian_Grand_Prix
86,2005,16,13,Belgian Grand Prix,11/09/05,14:00:00,http://en.wikipedia.org/wiki/2005_Belgian_Grand_Prix
87,2005,17,18,Brazilian Grand Prix,25/09/05,14:00:00,http://en.wikipedia.org/wiki/2005_Brazilian_Grand_Prix
88,2005,18,22,Japanese Grand Prix,09/10/05,14:00:00,http://en.wikipedia.org/wiki/2005_Japanese_Grand_Prix
89,2005,19,17,Chinese Grand Prix,16/10/05,14:00:00,http://en.wikipedia.org/wiki/2005_Chinese_Grand_Prix
90,2004,1,1,Australian Grand Prix,07/03/04,\N,http://en.wikipedia.org/wiki/2004_Australian_Grand_Prix
91,2004,2,2,Malaysian Grand Prix,21/03/04,\N,http://en.wikipedia.org/wiki/2004_Malaysian_Grand_Prix
92,2004,3,3,Bahrain Grand Prix,04/04/04,\N,http://en.wikipedia.org/wiki/2004_Bahrain_Grand_Prix
93,2004,4,21,San Marino Grand Prix,25/04/04,\N,http://en.wikipedia.org/wiki/2004_San_Marino_Grand_Prix
94,2004,5,4,Spanish Grand Prix,09/05/04,\N,http://en.wikipedia.org/wiki/2004_Spanish_Grand_Prix
95,2004,6,6,Monaco Grand Prix,23/05/04,\N,http://en.wikipedia.org/wiki/2004_Monaco_Grand_Prix
96,2004,7,20,European Grand Prix,30/05/04,\N,http://en.wikipedia.org/wiki/2004_European_Grand_Prix
97,2004,8,7,Canadian Grand Prix,13/06/04,\N,http://en.wikipedia.org/wiki/2004_Canadian_Grand_Prix
98,2004,9,19,United States Grand Prix,20/06/04,\N,http://en.wikipedia.org/wiki/2004_United_States_Grand_Prix
99,2004,10,8,French Grand Prix,04/07/04,\N,http://en.wikipedia.org/wiki/2004_French_Grand_Prix
100,2004,11,9,British Grand Prix,11/07/04,\N,http://en.wikipedia.org/wiki/2004_British_Grand_Prix
101,2004,12,10,German Grand Prix,25/07/04,\N,http://en.wikipedia.org/wiki/2004_German_Grand_Prix
102,2004,13,11,Hungarian Grand Prix,15/08/04,\N,http://en.wikipedia.org/wiki/2004_Hungarian_Grand_Prix
103,2004,14,13,Belgian Grand Prix,29/08/04,\N,http://en.wikipedia.org/wiki/2004_Belgian_Grand_Prix
104,2004,15,14,Italian Grand Prix,12/09/04,\N,http://en.wikipedia.org/wiki/2004_Italian_Grand_Prix
105,2004,16,17,Chinese Grand Prix,26/09/04,\N,http://en.wikipedia.org/wiki/2004_Chinese_Grand_Prix
106,2004,17,22,Japanese Grand Prix,10/10/04,\N,http://en.wikipedia.org/wiki/2004_Japanese_Grand_Prix
107,2004,18,18,Brazilian Grand Prix,24/10/04,\N,http://en.wikipedia.org/wiki/2004_Brazilian_Grand_Prix
108,2003,1,1,Australian Grand Prix,09/03/03,\N,http://en.wikipedia.org/wiki/2003_Australian_Grand_Prix
109,2003,2,2,Malaysian Grand Prix,23/03/03,\N,http://en.wikipedia.org/wiki/2003_Malaysian_Grand_Prix
110,2003,3,18,Brazilian Grand Prix,06/04/03,\N,http://en.wikipedia.org/wiki/2003_Brazilian_Grand_Prix
111,2003,4,21,San Marino Grand Prix,20/04/03,\N,http://en.wikipedia.org/wiki/2003_San_Marino_Grand_Prix
112,2003,5,4,Spanish Grand Prix,04/05/03,\N,http://en.wikipedia.org/wiki/2003_Spanish_Grand_Prix
113,2003,6,23,Austrian Grand Prix,18/05/03,\N,http://en.wikipedia.org/wiki/2003_Austrian_Grand_Prix
114,2003,7,6,Monaco Grand Prix,01/06/03,\N,http://en.wikipedia.org/wiki/2003_Monaco_Grand_Prix
115,2003,8,7,Canadian Grand Prix,15/06/03,\N,http://en.wikipedia.org/wiki/2003_Canadian_Grand_Prix
116,2003,9,20,European Grand Prix,29/06/03,\N,http://en.wikipedia.org/wiki/2003_European_Grand_Prix
117,2003,10,8,French Grand Prix,06/07/03,\N,http://en.wikipedia.org/wiki/2003_French_Grand_Prix
118,2003,11,9,British Grand Prix,20/07/03,\N,http://en.wikipedia.org/wiki/2003_British_Grand_Prix
119,2003,12,10,German Grand Prix,03/08/03,\N,http://en.wikipedia.org/wiki/2003_German_Grand_Prix
120,2003,13,11,Hungarian Grand Prix,24/08/03,\N,http://en.wikipedia.org/wiki/2003_Hungarian_Grand_Prix
121,2003,14,14,Italian Grand Prix,14/09/03,\N,http://en.wikipedia.org/wiki/2003_Italian_Grand_Prix
122,2003,15,19,United States Grand Prix,28/09/03,\N,http://en.wikipedia.org/wiki/2003_United_States_Grand_Prix
123,2003,16,22,Japanese Grand Prix,12/10/03,\N,http://en.wikipedia.org/wiki/2003_Japanese_Grand_Prix
124,2002,1,1,Australian Grand Prix,03/03/02,\N,http://en.wikipedia.org/wiki/2002_Australian_Grand_Prix
125,2002,2,2,Malaysian Grand Prix,17/03/02,\N,http://en.wikipedia.org/wiki/2002_Malaysian_Grand_Prix
126,2002,3,18,Brazilian Grand Prix,31/03/02,\N,http://en.wikipedia.org/wiki/2002_Brazilian_Grand_Prix
127,2002,4,21,San Marino Grand Prix,14/04/02,\N,http://en.wikipedia.org/wiki/2002_San_Marino_Grand_Prix
128,2002,5,4,Spanish Grand Prix,28/04/02,\N,http://en.wikipedia.org/wiki/2002_Spanish_Grand_Prix
129,2002,6,23,Austrian Grand Prix,12/05/02,\N,http://en.wikipedia.org/wiki/2002_Austrian_Grand_Prix
130,2002,7,6,Monaco Grand Prix,26/05/02,\N,http://en.wikipedia.org/wiki/2002_Monaco_Grand_Prix
131,2002,8,7,Canadian Grand Prix,09/06/02,\N,http://en.wikipedia.org/wiki/2002_Canadian_Grand_Prix
132,2002,9,20,European Grand Prix,23/06/02,\N,http://en.wikipedia.org/wiki/2002_European_Grand_Prix
133,2002,10,9,British Grand Prix,07/07/02,\N,http://en.wikipedia.org/wiki/2002_British_Grand_Prix
134,2002,11,8,French Grand Prix,21/07/02,\N,http://en.wikipedia.org/wiki/2002_French_Grand_Prix
135,2002,12,10,German Grand Prix,28/07/02,\N,http://en.wikipedia.org/wiki/2002_German_Grand_Prix
136,2002,13,11,Hungarian Grand Prix,18/08/02,\N,http://en.wikipedia.org/wiki/2002_Hungarian_Grand_Prix
137,2002,14,13,Belgian Grand Prix,01/09/02,\N,http://en.wikipedia.org/wiki/2002_Belgian_Grand_Prix
138,2002,15,14,Italian Grand Prix,15/09/02,\N,http://en.wikipedia.org/wiki/2002_Italian_Grand_Prix
139,2002,16,19,United States Grand Prix,29/09/02,\N,http://en.wikipedia.org/wiki/2002_United_States_Grand_Prix
140,2002,17,22,Japanese Grand Prix,13/10/02,\N,http://en.wikipedia.org/wiki/2002_Japanese_Grand_Prix
141,2001,1,1,Australian Grand Prix,04/03/01,\N,http://en.wikipedia.org/wiki/2001_Australian_Grand_Prix
142,2001,2,2,Malaysian Grand Prix,18/03/01,\N,http://en.wikipedia.org/wiki/2001_Malaysian_Grand_Prix
143,2001,3,18,Brazilian Grand Prix,01/04/01,\N,http://en.wikipedia.org/wiki/2001_Brazilian_Grand_Prix
144,2001,4,21,San Marino Grand Prix,15/04/01,\N,http://en.wikipedia.org/wiki/2001_San_Marino_Grand_Prix
145,2001,5,4,Spanish Grand Prix,29/04/01,\N,http://en.wikipedia.org/wiki/2001_Spanish_Grand_Prix
146,2001,6,23,Austrian Grand Prix,13/05/01,\N,http://en.wikipedia.org/wiki/2001_Austrian_Grand_Prix
147,2001,7,6,Monaco Grand Prix,27/05/01,\N,http://en.wikipedia.org/wiki/2001_Monaco_Grand_Prix
148,2001,8,7,Canadian Grand Prix,10/06/01,\N,http://en.wikipedia.org/wiki/2001_Canadian_Grand_Prix
149,2001,9,20,European Grand Prix,24/06/01,\N,http://en.wikipedia.org/wiki/2001_European_Grand_Prix
150,2001,10,8,French Grand Prix,01/07/01,\N,http://en.wikipedia.org/wiki/2001_French_Grand_Prix
151,2001,11,9,British Grand Prix,15/07/01,\N,http://en.wikipedia.org/wiki/2001_British_Grand_Prix
152,2001,12,10,German Grand Prix,29/07/01,\N,http://en.wikipedia.org/wiki/2001_German_Grand_Prix
153,2001,13,11,Hungarian Grand Prix,19/08/01,\N,http://en.wikipedia.org/wiki/2001_Hungarian_Grand_Prix
154,2001,14,13,Belgian Grand Prix,02/09/01,\N,http://en.wikipedia.org/wiki/2001_Belgian_Grand_Prix
155,2001,15,14,Italian Grand Prix,16/09/01,\N,http://en.wikipedia.org/wiki/2001_Italian_Grand_Prix
156,2001,16,19,United States Grand Prix,30/09/01,\N,http://en.wikipedia.org/wiki/2001_United_States_Grand_Prix
157,2001,17,22,Japanese Grand Prix,14/10/01,\N,http://en.wikipedia.org/wiki/2001_Japanese_Grand_Prix
158,2000,1,1,Australian Grand Prix,12/03/00,\N,http://en.wikipedia.org/wiki/2000_Australian_Grand_Prix
159,2000,2,18,Brazilian Grand Prix,26/03/00,\N,http://en.wikipedia.org/wiki/2000_Brazilian_Grand_Prix
160,2000,3,21,San Marino Grand Prix,09/04/00,\N,http://en.wikipedia.org/wiki/2000_San_Marino_Grand_Prix
161,2000,4,9,British Grand Prix,23/04/00,\N,http://en.wikipedia.org/wiki/2000_British_Grand_Prix
162,2000,5,4,Spanish Grand Prix,07/05/00,\N,http://en.wikipedia.org/wiki/2000_Spanish_Grand_Prix
163,2000,6,20,European Grand Prix,21/05/00,\N,http://en.wikipedia.org/wiki/2000_European_Grand_Prix
164,2000,7,6,Monaco Grand Prix,04/06/00,\N,http://en.wikipedia.org/wiki/2000_Monaco_Grand_Prix
165,2000,8,7,Canadian Grand Prix,18/06/00,\N,http://en.wikipedia.org/wiki/2000_Canadian_Grand_Prix
166,2000,9,8,French Grand Prix,02/07/00,\N,http://en.wikipedia.org/wiki/2000_French_Grand_Prix
167,2000,10,23,Austrian Grand Prix,16/07/00,\N,http://en.wikipedia.org/wiki/2000_Austrian_Grand_Prix
168,2000,11,10,German Grand Prix,30/07/00,\N,http://en.wikipedia.org/wiki/2000_German_Grand_Prix
169,2000,12,11,Hungarian Grand Prix,13/08/00,\N,http://en.wikipedia.org/wiki/2000_Hungarian_Grand_Prix
170,2000,13,13,Belgian Grand Prix,27/08/00,\N,http://en.wikipedia.org/wiki/2000_Belgian_Grand_Prix
171,2000,14,14,Italian Grand Prix,10/09/00,\N,http://en.wikipedia.org/wiki/2000_Italian_Grand_Prix
172,2000,15,19,United States Grand Prix,24/09/00,\N,http://en.wikipedia.org/wiki/2000_United_States_Grand_Prix
173,2000,16,22,Japanese Grand Prix,08/10/00,\N,http://en.wikipedia.org/wiki/2000_Japanese_Grand_Prix
174,2000,17,2,Malaysian Grand Prix,22/10/00,\N,http://en.wikipedia.org/wiki/2000_Malaysian_Grand_Prix
175,1999,1,1,Australian Grand Prix,07/03/99,\N,http://en.wikipedia.org/wiki/1999_Australian_Grand_Prix
176,1999,2,18,Brazilian Grand Prix,11/04/99,\N,http://en.wikipedia.org/wiki/1999_Brazilian_Grand_Prix
177,1999,3,21,San Marino Grand Prix,02/05/99,\N,http://en.wikipedia.org/wiki/1999_San_Marino_Grand_Prix
178,1999,4,6,Monaco Grand Prix,16/05/99,\N,http://en.wikipedia.org/wiki/1999_Monaco_Grand_Prix
179,1999,5,4,Spanish Grand Prix,30/05/99,\N,http://en.wikipedia.org/wiki/1999_Spanish_Grand_Prix
180,1999,6,7,Canadian Grand Prix,13/06/99,\N,http://en.wikipedia.org/wiki/1999_Canadian_Grand_Prix
181,1999,7,8,French Grand Prix,27/06/99,\N,http://en.wikipedia.org/wiki/1999_French_Grand_Prix
182,1999,8,9,British Grand Prix,11/07/99,\N,http://en.wikipedia.org/wiki/1999_British_Grand_Prix
183,1999,9,23,Austrian Grand Prix,25/07/99,\N,http://en.wikipedia.org/wiki/1999_Austrian_Grand_Prix
184,1999,10,10,German Grand Prix,01/08/99,\N,http://en.wikipedia.org/wiki/1999_German_Grand_Prix
185,1999,11,11,Hungarian Grand Prix,15/08/99,\N,http://en.wikipedia.org/wiki/1999_Hungarian_Grand_Prix
186,1999,12,13,Belgian Grand Prix,29/08/99,\N,http://en.wikipedia.org/wiki/1999_Belgian_Grand_Prix
187,1999,13,14,Italian Grand Prix,12/09/99,\N,http://en.wikipedia.org/wiki/1999_Italian_Grand_Prix
188,1999,14,20,European Grand Prix,26/09/99,\N,http://en.wikipedia.org/wiki/1999_European_Grand_Prix
189,1999,15,2,Malaysian Grand Prix,17/10/99,\N,http://en.wikipedia.org/wiki/1999_Malaysian_Grand_Prix
190,1999,16,22,Japanese Grand Prix,31/10/99,\N,http://en.wikipedia.org/wiki/1999_Japanese_Grand_Prix
191,1998,1,1,Australian Grand Prix,08/03/98,\N,http://en.wikipedia.org/wiki/1998_Australian_Grand_Prix
192,1998,2,18,Brazilian Grand Prix,29/03/98,\N,http://en.wikipedia.org/wiki/1998_Brazilian_Grand_Prix
193,1998,3,25,Argentine Grand Prix,12/04/98,\N,http://en.wikipedia.org/wiki/1998_Argentine_Grand_Prix
194,1998,4,21,San Marino Grand Prix,26/04/98,\N,http://en.wikipedia.org/wiki/1998_San_Marino_Grand_Prix
195,1998,5,4,Spanish Grand Prix,10/05/98,\N,http://en.wikipedia.org/wiki/1998_Spanish_Grand_Prix
196,1998,6,6,Monaco Grand Prix,24/05/98,\N,http://en.wikipedia.org/wiki/1998_Monaco_Grand_Prix
197,1998,7,7,Canadian Grand Prix,07/06/98,\N,http://en.wikipedia.org/wiki/1998_Canadian_Grand_Prix
198,1998,8,8,French Grand Prix,28/06/98,\N,http://en.wikipedia.org/wiki/1998_French_Grand_Prix
199,1998,9,9,British Grand Prix,12/07/98,\N,http://en.wikipedia.org/wiki/1998_British_Grand_Prix
200,1998,10,23,Austrian Grand Prix,26/07/98,\N,http://en.wikipedia.org/wiki/1998_Austrian_Grand_Prix
201,1998,11,10,German Grand Prix,02/08/98,\N,http://en.wikipedia.org/wiki/1998_German_Grand_Prix
202,1998,12,11,Hungarian Grand Prix,16/08/98,\N,http://en.wikipedia.org/wiki/1998_Hungarian_Grand_Prix
203,1998,13,13,Belgian Grand Prix,30/08/98,\N,http://en.wikipedia.org/wiki/1998_Belgian_Grand_Prix
204,1998,14,14,Italian Grand Prix,13/09/98,\N,http://en.wikipedia.org/wiki/1998_Italian_Grand_Prix
205,1998,15,20,Luxembourg Grand Prix,27/09/98,\N,http://en.wikipedia.org/wiki/1998_Luxembourg_Grand_Prix
206,1998,16,22,Japanese Grand Prix,01/11/98,\N,http://en.wikipedia.org/wiki/1998_Japanese_Grand_Prix
207,1997,1,1,Australian Grand Prix,09/03/97,\N,http://en.wikipedia.org/wiki/1997_Australian_Grand_Prix
208,1997,2,18,Brazilian Grand Prix,30/03/97,\N,http://en.wikipedia.org/wiki/1997_Brazilian_Grand_Prix
209,1997,3,25,Argentine Grand Prix,13/04/97,\N,http://en.wikipedia.org/wiki/1997_Argentine_Grand_Prix
210,1997,4,21,San Marino Grand Prix,27/04/97,\N,http://en.wikipedia.org/wiki/1997_San_Marino_Grand_Prix
211,1997,5,6,Monaco Grand Prix,11/05/97,\N,http://en.wikipedia.org/wiki/1997_Monaco_Grand_Prix
212,1997,6,4,Spanish Grand Prix,25/05/97,\N,http://en.wikipedia.org/wiki/1997_Spanish_Grand_Prix
213,1997,7,7,Canadian Grand Prix,15/06/97,\N,http://en.wikipedia.org/wiki/1997_Canadian_Grand_Prix
214,1997,8,8,French Grand Prix,29/06/97,\N,http://en.wikipedia.org/wiki/1997_French_Grand_Prix
215,1997,9,9,British Grand Prix,13/07/97,\N,http://en.wikipedia.org/wiki/1997_British_Grand_Prix
216,1997,10,10,German Grand Prix,27/07/97,\N,http://en.wikipedia.org/wiki/1997_German_Grand_Prix
217,1997,11,11,Hungarian Grand Prix,10/08/97,\N,http://en.wikipedia.org/wiki/1997_Hungarian_Grand_Prix
218,1997,12,13,Belgian Grand Prix,24/08/97,\N,http://en.wikipedia.org/wiki/1997_Belgian_Grand_Prix
219,1997,13,14,Italian Grand Prix,07/09/97,\N,http://en.wikipedia.org/wiki/1997_Italian_Grand_Prix
220,1997,14,23,Austrian Grand Prix,21/09/97,\N,http://en.wikipedia.org/wiki/1997_Austrian_Grand_Prix
221,1997,15,20,Luxembourg Grand Prix,28/09/97,\N,http://en.wikipedia.org/wiki/1997_Luxembourg_Grand_Prix
222,1997,16,22,Japanese Grand Prix,12/10/97,\N,http://en.wikipedia.org/wiki/1997_Japanese_Grand_Prix
223,1997,17,26,European Grand Prix,26/10/97,\N,http://en.wikipedia.org/wiki/1997_European_Grand_Prix
224,1996,1,1,Australian Grand Prix,10/03/96,\N,http://en.wikipedia.org/wiki/1996_Australian_Grand_Prix
225,1996,2,18,Brazilian Grand Prix,31/03/96,\N,http://en.wikipedia.org/wiki/1996_Brazilian_Grand_Prix
226,1996,3,25,Argentine Grand Prix,07/04/96,\N,http://en.wikipedia.org/wiki/1996_Argentine_Grand_Prix
227,1996,4,20,European Grand Prix,28/04/96,\N,http://en.wikipedia.org/wiki/1996_European_Grand_Prix
228,1996,5,21,San Marino Grand Prix,05/05/96,\N,http://en.wikipedia.org/wiki/1996_San_Marino_Grand_Prix
229,1996,6,6,Monaco Grand Prix,19/05/96,\N,http://en.wikipedia.org/wiki/1996_Monaco_Grand_Prix
230,1996,7,4,Spanish Grand Prix,02/06/96,\N,http://en.wikipedia.org/wiki/1996_Spanish_Grand_Prix
231,1996,8,7,Canadian Grand Prix,16/06/96,\N,http://en.wikipedia.org/wiki/1996_Canadian_Grand_Prix
232,1996,9,8,French Grand Prix,30/06/96,\N,http://en.wikipedia.org/wiki/1996_French_Grand_Prix
233,1996,10,9,British Grand Prix,14/07/96,\N,http://en.wikipedia.org/wiki/1996_British_Grand_Prix
234,1996,11,10,German Grand Prix,28/07/96,\N,http://en.wikipedia.org/wiki/1996_German_Grand_Prix
235,1996,12,11,Hungarian Grand Prix,11/08/96,\N,http://en.wikipedia.org/wiki/1996_Hungarian_Grand_Prix
236,1996,13,13,Belgian Grand Prix,25/08/96,\N,http://en.wikipedia.org/wiki/1996_Belgian_Grand_Prix
237,1996,14,14,Italian Grand Prix,08/09/96,\N,http://en.wikipedia.org/wiki/1996_Italian_Grand_Prix
238,1996,15,27,Portuguese Grand Prix,22/09/96,\N,http://en.wikipedia.org/wiki/1996_Portuguese_Grand_Prix
239,1996,16,22,Japanese Grand Prix,13/10/96,\N,http://en.wikipedia.org/wiki/1996_Japanese_Grand_Prix
240,1995,1,18,Brazilian Grand Prix,26/03/95,\N,http://en.wikipedia.org/wiki/1995_Brazilian_Grand_Prix
241,1995,2,25,Argentine Grand Prix,09/04/95,\N,http://en.wikipedia.org/wiki/1995_Argentine_Grand_Prix
242,1995,3,21,San Marino Grand Prix,30/04/95,\N,http://en.wikipedia.org/wiki/1995_San_Marino_Grand_Prix
243,1995,4,4,Spanish Grand Prix,14/05/95,\N,http://en.wikipedia.org/wiki/1995_Spanish_Grand_Prix
244,1995,5,6,Monaco Grand Prix,28/05/95,\N,http://en.wikipedia.org/wiki/1995_Monaco_Grand_Prix
245,1995,6,7,Canadian Grand Prix,11/06/95,\N,http://en.wikipedia.org/wiki/1995_Canadian_Grand_Prix
246,1995,7,8,French Grand Prix,02/07/95,\N,http://en.wikipedia.org/wiki/1995_French_Grand_Prix
247,1995,8,9,British Grand Prix,16/07/95,\N,http://en.wikipedia.org/wiki/1995_British_Grand_Prix
248,1995,9,10,German Grand Prix,30/07/95,\N,http://en.wikipedia.org/wiki/1995_German_Grand_Prix
249,1995,10,11,Hungarian Grand Prix,13/08/95,\N,http://en.wikipedia.org/wiki/1995_Hungarian_Grand_Prix
250,1995,11,13,Belgian Grand Prix,27/08/95,\N,http://en.wikipedia.org/wiki/1995_Belgian_Grand_Prix
251,1995,12,14,Italian Grand Prix,10/09/95,\N,http://en.wikipedia.org/wiki/1995_Italian_Grand_Prix
252,1995,13,27,Portuguese Grand Prix,24/09/95,\N,http://en.wikipedia.org/wiki/1995_Portuguese_Grand_Prix
253,1995,14,20,European Grand Prix,01/10/95,\N,http://en.wikipedia.org/wiki/1995_European_Grand_Prix
254,1995,15,28,Pacific Grand Prix,22/10/95,\N,http://en.wikipedia.org/wiki/1995_Pacific_Grand_Prix
255,1995,16,22,Japanese Grand Prix,29/10/95,\N,http://en.wikipedia.org/wiki/1995_Japanese_Grand_Prix
256,1995,17,29,Australian Grand Prix,12/11/95,\N,http://en.wikipedia.org/wiki/1995_Australian_Grand_Prix
257,1994,1,18,Brazilian Grand Prix,27/03/94,\N,http://en.wikipedia.org/wiki/1994_Brazilian_Grand_Prix
258,1994,2,28,Pacific Grand Prix,17/04/94,\N,http://en.wikipedia.org/wiki/1994_Pacific_Grand_Prix
259,1994,3,21,San Marino Grand Prix,01/05/94,\N,http://en.wikipedia.org/wiki/1994_San_Marino_Grand_Prix
260,1994,4,6,Monaco Grand Prix,15/05/94,\N,http://en.wikipedia.org/wiki/1994_Monaco_Grand_Prix
261,1994,5,4,Spanish Grand Prix,29/05/94,\N,http://en.wikipedia.org/wiki/1994_Spanish_Grand_Prix
262,1994,6,7,Canadian Grand Prix,12/06/94,\N,http://en.wikipedia.org/wiki/1994_Canadian_Grand_Prix
263,1994,7,8,French Grand Prix,03/07/94,\N,http://en.wikipedia.org/wiki/1994_French_Grand_Prix
264,1994,8,9,British Grand Prix,10/07/94,\N,http://en.wikipedia.org/wiki/1994_British_Grand_Prix
265,1994,9,10,German Grand Prix,31/07/94,\N,http://en.wikipedia.org/wiki/1994_German_Grand_Prix
266,1994,10,11,Hungarian Grand Prix,14/08/94,\N,http://en.wikipedia.org/wiki/1994_Hungarian_Grand_Prix
267,1994,11,13,Belgian Grand Prix,28/08/94,\N,http://en.wikipedia.org/wiki/1994_Belgian_Grand_Prix
268,1994,12,14,Italian Grand Prix,11/09/94,\N,http://en.wikipedia.org/wiki/1994_Italian_Grand_Prix
269,1994,13,27,Portuguese Grand Prix,25/09/94,\N,http://en.wikipedia.org/wiki/1994_Portuguese_Grand_Prix
270,1994,14,26,European Grand Prix,16/10/94,\N,http://en.wikipedia.org/wiki/1994_European_Grand_Prix
271,1994,15,22,Japanese Grand Prix,06/11/94,\N,http://en.wikipedia.org/wiki/1994_Japanese_Grand_Prix
272,1994,16,29,Australian Grand Prix,13/11/94,\N,http://en.wikipedia.org/wiki/1994_Australian_Grand_Prix
273,1993,1,30,South African Grand Prix,14/03/93,\N,http://en.wikipedia.org/wiki/1993_South_African_Grand_Prix
274,1993,2,18,Brazilian Grand Prix,28/03/93,\N,http://en.wikipedia.org/wiki/1993_Brazilian_Grand_Prix
275,1993,3,31,European Grand Prix,11/04/93,\N,http://en.wikipedia.org/wiki/1993_European_Grand_Prix
276,1993,4,21,San Marino Grand Prix,25/04/93,\N,http://en.wikipedia.org/wiki/1993_San_Marino_Grand_Prix
277,1993,5,4,Spanish Grand Prix,09/05/93,\N,http://en.wikipedia.org/wiki/1993_Spanish_Grand_Prix
278,1993,6,6,Monaco Grand Prix,23/05/93,\N,http://en.wikipedia.org/wiki/1993_Monaco_Grand_Prix
279,1993,7,7,Canadian Grand Prix,13/06/93,\N,http://en.wikipedia.org/wiki/1993_Canadian_Grand_Prix
280,1993,8,8,French Grand Prix,04/07/93,\N,http://en.wikipedia.org/wiki/1993_French_Grand_Prix
281,1993,9,9,British Grand Prix,11/07/93,\N,http://en.wikipedia.org/wiki/1993_British_Grand_Prix
282,1993,10,10,German Grand Prix,25/07/93,\N,http://en.wikipedia.org/wiki/1993_German_Grand_Prix
283,1993,11,11,Hungarian Grand Prix,15/08/93,\N,http://en.wikipedia.org/wiki/1993_Hungarian_Grand_Prix
284,1993,12,13,Belgian Grand Prix,29/08/93,\N,http://en.wikipedia.org/wiki/1993_Belgian_Grand_Prix
285,1993,13,14,Italian Grand Prix,12/09/93,\N,http://en.wikipedia.org/wiki/1993_Italian_Grand_Prix
286,1993,14,27,Portuguese Grand Prix,26/09/93,\N,http://en.wikipedia.org/wiki/1993_Portuguese_Grand_Prix
287,1993,15,22,Japanese Grand Prix,24/10/93,\N,http://en.wikipedia.org/wiki/1993_Japanese_Grand_Prix
288,1993,16,29,Australian Grand Prix,07/11/93,\N,http://en.wikipedia.org/wiki/1993_Australian_Grand_Prix
289,1992,1,30,South African Grand Prix,01/03/92,\N,http://en.wikipedia.org/wiki/1992_South_African_Grand_Prix
290,1992,2,32,Mexican Grand Prix,22/03/92,\N,http://en.wikipedia.org/wiki/1992_Mexican_Grand_Prix
291,1992,3,18,Brazilian Grand Prix,05/04/92,\N,http://en.wikipedia.org/wiki/1992_Brazilian_Grand_Prix
292,1992,4,4,Spanish Grand Prix,03/05/92,\N,http://en.wikipedia.org/wiki/1992_Spanish_Grand_Prix
293,1992,5,21,San Marino Grand Prix,17/05/92,\N,http://en.wikipedia.org/wiki/1992_San_Marino_Grand_Prix
294,1992,6,6,Monaco Grand Prix,31/05/92,\N,http://en.wikipedia.org/wiki/1992_Monaco_Grand_Prix
295,1992,7,7,Canadian Grand Prix,14/06/92,\N,http://en.wikipedia.org/wiki/1992_Canadian_Grand_Prix
296,1992,8,8,French Grand Prix,05/07/92,\N,http://en.wikipedia.org/wiki/1992_French_Grand_Prix
297,1992,9,9,British Grand Prix,12/07/92,\N,http://en.wikipedia.org/wiki/1992_British_Grand_Prix
298,1992,10,10,German Grand Prix,26/07/92,\N,http://en.wikipedia.org/wiki/1992_German_Grand_Prix
299,1992,11,11,Hungarian Grand Prix,16/08/92,\N,http://en.wikipedia.org/wiki/1992_Hungarian_Grand_Prix
